VG,IDS,IGS,transistor,log_IDS
-0.5,0.0665282,0.0591482,1,-1.1769942267514955
-0.45,0.0564201,0.0492546,1,-1.2485661484286195
-0.4,0.0483453,0.0418051,1,-1.3156457404699338
-0.35,0.0411574,0.0352734,1,-1.3855520683439606
-0.3,0.0349436,0.0300988,1,-1.4566323546594477
-0.25,0.0003118,0.0261364,1,-3.5061238891471773
-0.2,0.0276434,0.0227555,1,-1.5584085419625475
-0.15,0.0245681,0.0001981,1,-1.6096284288443834
-0.1,0.0218566,0.0172128,1,-1.6604173957295059
-0.05,0.0194885,0.0149237,1,-1.7102215865772195
0.0,0.0173844,0.0128817,1,-1.7598402938323663
0.05,0.0155016,0.0110428,1,-1.8096234737452443
0.1,0.0138096,0.00937952,1,-1.8598189007340868
0.15,0.0122814,0.00786386,1,-1.9107521236167877
0.2,0.0109046,0.00647883,1,-1.9623902604822419
0.25,0.00096437,0.00519582,1,-3.0157563082874375
0.3,0.00851166,0.00401237,1,-2.069985732684479
0.35,0.00749956,0.00323581,1,-2.124964215965307
0.4,6.545e-05,0.00211264,1,-4.184090349113225
0.45,0.00568761,0.00011167,1,-2.2450701908744284
0.5,0.00492777,0.000391621,1,-2.3073495707425544
0.55,0.00426335,0.000371554,1,-2.370249012455109
0.6,0.00325602,0.00111455,1,-2.4873129361345065
0.65,0.00311039,0.00196867,1,-2.5071851530217595
0.7,0.00261559,0.00283401,1,-2.5824303317134336
0.75,0.00215839,0.00364259,1,-2.6658700797898875
0.8,0.00174529,0.00440706,1,-2.758132399687303
0.85,0.00149852,0.00470333,1,-2.824337456367536
0.9,0.00110315,0.00558791,1,-2.957365430675748
0.95,0.000796249,0.00629466,1,-3.0989511000817167
1.0,0.000547136,0.00688795,1,-3.2619047089348667
1.05,5.2026e-05,0.00540275,1,-4.2837795633929705
1.1,0.000520684,0.00633819,1,-3.283425767472132
1.15,0.000102393,0.00068672,1,-3.9897297324743133
1.2,0.000233155,0.00729119,1,-3.632355266681178
1.25,9.86351e-05,0.00781766,1,-4.005968510781941
1.3,1.67962e-05,0.00830385,1,-4.774788962661197
1.35,1.51049e-05,0.00826407,1,-4.820882145570572
1.4,4.6497e-05,0.00843032,1,-4.3325750670127565
1.45,0.000472147,0.00859011,1,-3.3259227654559202
1.5,0.000529023,0.00890962,1,-3.2765254460065103
1.55,0.000620206,0.00943104,1,-3.2074640366245113
1.6,0.000403022,0.0105738,1,-3.3946712461223667
1.65,0.000611152,0.0118989,1,-3.2138507626681974
1.7,0.000805849,0.0133449,1,-3.0937463286793148
1.75,8.8905e-05,0.0149046,1,-4.051073813705301
1.8,0.000457798,0.0164963,1,-3.339326108976594
1.85,0.000885978,0.0181611,1,-3.0525770620827304
1.9,0.00390991,0.0198846,1,-2.4078332392673616
1.95,0.0106474,0.0214525,1,-1.972756430113301
2.0,0.0023239,0.0231974,1,-2.6337825640539037
2.05,0.0446464,0.0025056,1,-1.350213554091602
2.1,0.0857647,0.0026839,1,-1.0666914271833208
2.15,0.146095,0.0286439,1,-0.8353646472386509
2.2,0.237914,0.0306121,1,-0.6235800012420472
2.25,0.037465,0.0325898,1,-1.4263742630658802
2.3,0.593656,0.0345252,1,-0.2264651384839725
2.35,0.856091,0.0364246,1,-0.06748006862038711
2.4,1.20173,0.0384811,1,0.07980690303957287
2.45,1.63734,0.0405664,1,0.21413887170985663
2.5,2.17252,0.0042667,1,0.3369637832103046
2.55,2.81258,0.0447775,1,0.44910488420899436
2.6,3.55216,0.0468844,1,0.5504925194804728
2.65,4.39468,0.0048985,1,0.6429272572724045
2.7,5.43243,0.0506872,1,0.7349941388932346
2.75,6.40856,0.0052831,1,0.8067604547434024
2.8,7.47562,0.0548948,1,0.8736472172523408
2.85,8.60613,0.0568946,1,0.9348079020365936
2.9,9.77409,0.0588797,1,0.9900763337021199
2.95,10.9849,0.0060806,1,1.0407961077157126
3.0,1.2215,0.0626871,1,0.08689347130945554
3.05,1.3479,0.0645564,1,0.12965767331268788
3.1,1.4764,0.0664309,1,0.16920403652361954
3.15,16.0703,0.0683464,1,1.2060239842386684
3.2,17.4291,0.0703293,1,1.2412749616868584
3.25,18.8336,0.0723966,1,1.2749333423586402
3.3,20.2647,0.0745716,1,1.3067401788001907
3.35,21.7555,0.0768237,1,1.3375690690006328
3.4,2.3289,0.0791636,1,0.3671508408830793
3.45,24.8748,0.0815952,1,1.3957595975887958
3.5,26.5237,0.0840943,1,1.423634107119575
3.55,28.2074,0.0866607,1,1.450363057169495
3.6,29.9145,0.0892616,1,1.4758817483094149
3.65,31.6709,0.0919467,1,1.5006604050037402
3.7,33.4402,0.0946859,1,1.5242688662142465
3.75,35.2826,0.0974427,1,1.5475605811096522
3.8,37.1216,0.100251,1,1.5696266867331339
3.85,38.9702,0.103112,1,1.5907326346526722
3.9,40.8469,0.106004,1,1.6111591021418596
3.95,4.2693,0.108957,1,0.6303566733719579
4.0,44.5791,0.111926,1,1.6491312963340072
4.05,46.4781,0.114957,1,1.6672483660177857
4.1,48.3752,0.118047,1,1.6846227735559978
4.15,50.3873,0.120985,1,1.7023210873393508
4.2,52.2151,0.124174,1,1.7177961140819327
4.25,54.0517,0.127459,1,1.7328093576604453
4.3,55.9519,0.130739,1,1.7478148387733086
4.35,57.8211,0.134117,1,1.7620863495170311
4.4,59.6501,0.137538,1,1.775611176076969
4.45,61.4673,0.141038,1,1.788644136809578
4.5,63.3307,0.144505,1,1.8016142883503445
4.55,65.1575,0.148028,1,1.8139644126985717
4.6,66.4992,0.153442,1,1.8228164206764073
4.65,67.8515,0.157786,1,1.8315594530940913
4.7,70.1495,0.161359,1,1.8460245798830555
4.75,71.8224,0.165812,1,1.8562599133122157
4.8,73.9501,0.169403,1,1.8689387656137608
4.85,76.2026,0.172857,1,1.881969789533687
4.9,78.1918,0.177595,1,1.8931612108414597
4.95,80.4721,0.181813,1,1.9056453348240576
5.0,83.0017,0.185865,1,1.9190869874731633
-0.5,0.0760585,0.0679715,2,-1.1188522438487931
-0.45,0.0669805,0.0593664,2,-1.1740516148369036
-0.4,0.0592181,0.0523059,2,-1.227545530968216
-0.35,0.0526818,0.0462359,2,-1.278339394744566
-0.3,0.0047067,0.0409439,2,-2.327283482274812
-0.25,0.0416361,0.0359178,2,-1.3805299570626197
-0.2,0.0364176,0.0031588,2,-1.4386886785603457
-0.15,0.0331759,0.0279707,2,-1.479177286708231
-0.1,0.0029939,0.0247716,2,-2.523762709728932
-0.05,0.0270431,0.0219227,2,-1.5679435259062229
0.0,0.0244497,0.0193632,2,-1.611726465339702
0.05,0.0220969,0.0170419,2,-1.6556686497233686
0.1,0.0201257,0.0014972,2,-1.6962490053277763
0.15,0.0180314,0.0129879,2,-1.7439705523308255
0.2,0.0162505,0.0111869,2,-1.7891332719835502
0.25,0.0146349,0.00095242,2,-1.8346102407461828
0.3,0.0131124,0.00795495,2,-1.8823178108757008
0.35,0.0011728,0.00648238,2,-2.9307760427029472
0.4,0.0104241,0.00507928,2,-1.9819614310215004
0.45,0.00923604,0.00415202,2,-2.0345141948820094
0.5,0.00809963,0.00278581,2,-2.091534819717458
0.55,0.00707696,0.00155465,2,-2.150153259082939
0.6,0.00615015,0.000651888,2,-2.2111142918054196
0.65,0.00531195,0.000309134,2,-2.2747460215214947
0.7,0.00455126,0.00150672,2,-2.3418683538278326
0.75,0.00341431,0.00223599,2,-2.4666970499531757
0.8,0.00326811,0.00321832,2,-2.4857033341503247
0.85,0.00027703,0.00410263,2,-3.557473197978961
0.9,0.00233423,0.00484308,2,-2.631856353599334
0.95,0.00210598,0.00495647,2,-2.6765457575241705
1.0,0.00169676,0.00057737,2,-2.770379582577326
1.05,0.00137411,0.00642323,2,-2.861978499823175
1.1,0.00108875,0.00701252,2,-2.9630718319842804
1.15,0.000828327,0.00756589,2,-3.081798182224437
1.2,0.000600418,0.00807008,2,-3.2215462964695813
1.25,0.000537878,0.00638423,2,-3.269316218636904
1.3,0.000560115,0.00739584,2,-3.2517227966760207
1.35,2.51015e-05,0.00800388,2,-4.600300325440944
1.4,0.000154699,0.00086226,2,-3.810512493643138
1.45,9.61854e-05,0.00949001,2,-4.016890844600851
1.5,0.000312353,0.0101102,2,-3.5053543185087745
1.55,6.8485e-05,0.0115864,2,-4.16440453990305
1.6,0.00103747,0.0130674,2,-2.984024452710163
1.65,0.00137289,0.0146009,2,-2.862364258325365
1.7,0.00168963,0.0162012,2,-2.7722083880201036
1.75,0.00198286,0.0178717,2,-2.7027079481113154
1.8,0.00223842,0.0196085,2,-2.6500584224685655
1.85,0.00245336,0.0214702,2,-2.6102387198156243
1.9,0.00250807,0.0234384,2,-2.6006603465536458
1.95,0.00204745,0.0254995,2,-2.6887866951788926
2.0,0.00458347,0.0255721,2,-2.338805606874624
2.05,0.0114785,0.0279682,2,-1.940114861440302
2.1,0.0233972,0.0303255,2,-1.6308361125603161
2.15,0.0445585,0.0325918,2,-1.351069437508647
2.2,0.0862094,0.0346916,2,-1.0644453774982854
2.25,0.146585,0.0368207,2,-0.833910468648004
2.3,0.238855,0.0390716,2,-0.6218656631112892
2.35,0.376652,0.0413165,2,-0.4240597221470801
2.4,0.601645,0.0434357,2,-0.22065968817306428
2.45,0.874694,0.0455681,2,-0.058143852525533744
2.5,1.23888,0.0478377,2,0.0930292419194561
2.55,1.78599,0.0496667,2,0.251879022885687
2.6,2.36795,0.0519785,2,0.3743725278847715
2.65,3.07447,0.0542229,2,0.4877702596515979
2.7,0.03904,0.0056401,2,-1.4084901910053458
2.75,4.85225,0.0585183,2,0.6859431687038997
2.8,6.04919,0.0602387,2,0.7816972255481294
2.85,7.19361,0.0622886,2,0.8569468889399332
2.9,8.41353,0.0642709,2,0.9249782476253963
2.95,9.73781,0.0661743,2,0.9884612965236397
3.0,11.1354,0.0679949,2,1.0467058221489187
3.05,12.5433,0.0698263,2,1.0984118094809912
3.1,14.0348,0.0716631,2,1.1472062281913158
3.15,15.6225,0.0735208,2,1.193750533339446
3.2,17.2755,0.0754508,2,1.2374306258927485
3.25,19.0023,0.0774697,2,1.2788061702609812
3.3,20.8192,0.0795666,2,1.3184640372657408
3.35,22.7093,0.0081754,2,1.356203747569683
3.4,24.6785,0.0840116,2,1.392318759027318
3.45,26.7345,0.0863479,2,1.4270720661520306
3.5,28.8849,0.0887312,2,1.460670868345378
3.55,31.1261,0.0911803,2,1.4931247083925827
3.6,33.4296,0.0936611,2,1.5241311800974424
3.65,35.8277,0.0962209,2,1.5542189290321524
3.7,38.2906,0.0988107,2,1.5830921716401285
3.75,40.8073,0.101444,2,1.6107378607891385
3.8,43.4082,0.104098,2,1.637571777401125
3.85,46.0408,0.106805,2,1.6631428612776282
3.9,48.7421,0.109543,2,1.6879042363539385
3.95,51.7776,0.112039,2,1.7141419161082634
4.0,54.5098,0.114915,2,1.7364745885759314
4.05,57.2948,0.117821,2,1.7581152077652193
4.1,60.1162,0.120776,2,1.7789915206309512
4.15,63.0319,0.123759,2,1.7995603984643254
4.2,65.9941,0.126754,2,1.8195051105118873
4.25,68.9476,0.129847,2,1.8385191533995087
4.3,7.1917,0.132967,2,0.8568315626153272
4.35,74.8348,0.136144,2,1.874103602321215
4.4,77.7807,0.139372,2,1.8908718473325177
4.45,80.7999,0.142666,2,1.907410823281083
4.5,83.7723,0.145993,2,1.9231004393244093
4.55,86.8046,0.014936,2,1.9385427401728368
4.6,89.8289,0.152794,2,1.9534160815595272
4.65,92.8137,0.156253,2,1.967612086081581
4.7,95.8236,0.015979,2,1.981472482852388
4.75,98.7899,0.163397,2,1.9947125458175388
4.8,0.00102,0.167049,2,-2.9913998282380825
4.85,0.00105,0.170764,2,-2.9788107009300617
4.9,0.00107,0.174516,2,-2.9706162223147903
4.95,0.0011,0.178343,2,-2.958607314841775
5.0,0.00113,0.182204,2,-2.94692155651658
-0.5,0.0813469,0.0778743,3,-1.0896589926785236
-0.45,0.0740954,0.0070672,3,-1.1302087531087677
-0.4,0.0676267,0.0064501,3,-1.1698818044533674
-0.35,0.0619158,0.0588845,3,-1.2081985112833116
-0.3,0.0567533,0.0536935,3,-1.2460088807406091
-0.25,0.0520194,0.0488719,3,-1.2838346613326086
-0.2,0.0476711,0.0444161,3,-1.3217448267090317
-0.15,0.0043651,0.0402794,3,-2.3600058025997117
-0.1,0.0390515,0.0362306,3,-1.4083622798606503
-0.05,0.0360848,0.0326511,3,-1.442675697436655
0.0,0.0329989,0.0293862,3,-1.4815005368461227
0.05,0.0301518,0.0263883,3,-1.5206867562689999
0.1,0.0274946,0.0236116,3,-1.5607525941874631
0.15,0.0250432,0.0210361,3,-1.6013101781154326
0.2,0.0227725,0.0018641,3,-1.6425892892528553
0.25,0.0206594,0.0163998,3,-1.6848822956176082
0.3,0.0186885,0.0142961,3,-1.7284255551147782
0.35,0.0168568,0.0123192,3,-1.7732248659060674
0.4,0.0151562,0.0104647,3,-1.8194096724440696
0.45,0.0135658,0.00872031,3,-1.867554590008477
0.5,0.0120789,0.00070705,3,-1.9179726141985036
0.55,0.0107106,0.00551654,3,-1.970186199626562
0.6,0.00945103,0.00040664,3,-2.0245208582695526
0.65,0.00833502,0.00321584,3,-2.079093353738889
0.7,0.00729276,0.00193828,3,-2.137108078551457
0.75,0.00638708,0.000857878,3,-2.194697644145606
0.8,0.00559211,0.000173802,3,-2.2524242943576627
0.85,0.00490256,0.000867356,3,-2.3095770825129147
0.9,0.00424358,0.00181842,3,-2.3722676060875267
0.95,0.00311942,0.00239037,3,-2.5059261477172408
1.0,0.00309683,0.00334015,3,-2.509082634516746
1.05,0.00259606,0.00428723,3,-2.5856852743648155
1.1,0.00227165,0.00466126,3,-2.6436585808738053
1.15,0.00180239,0.00565731,3,-2.744151230825319
1.2,0.00142405,0.00644598,3,-2.846474761862873
1.25,0.00010862,0.00717947,3,-3.9640902015433914
1.3,0.000755864,0.00793531,3,-3.1215563385765916
1.35,0.000141195,0.00853393,3,-3.8501806822562914
1.4,9.38552e-05,0.00945256,3,-4.027541660509402
1.45,0.000250533,0.0102255,3,-3.601135061118171
1.5,0.000729455,0.0118134,3,-3.137001494523763
1.55,0.00118263,0.0133939,3,-2.9271511083665063
1.6,0.00161664,0.0150177,3,-2.7913866797968008
1.65,0.00203072,0.0166945,3,-2.6923499539157008
1.7,0.00241892,0.0184213,3,-2.6163784946530337
1.75,0.00278363,0.0201952,3,-2.5553884916323146
1.8,0.00310992,0.0219944,3,-2.507250782679086
1.85,0.00034065,0.0023865,3,-3.4676916067245838
1.9,0.00364602,0.0257861,3,-2.4381809533810386
1.95,0.00375154,0.0277745,3,-2.425790418616278
2.0,0.00357176,0.0298556,3,-2.4471177306842202
2.05,0.00259545,0.0320281,3,-2.585787333162807
2.1,0.00236853,0.0033413,3,-2.625521110090787
2.15,0.0113157,0.0353655,3,-1.9463185750071683
2.2,0.0263523,0.0376342,3,-1.5791814740485257
2.25,0.0005566,0.0397736,3,-3.254456798001976
2.3,0.100781,0.0419578,3,-0.9966213366696006
2.35,0.171267,0.0442637,3,-0.7663263095303641
2.4,0.278861,0.0465375,3,-0.5546122195780943
2.45,0.440702,0.0488439,3,-0.3558549785642974
2.5,0.708842,0.0509197,3,-0.14945055772957783
2.55,0.10257,0.0531363,3,-0.988979644483743
2.6,1.44715,0.0554593,3,0.16051354894627087
2.65,1.98727,0.0577506,3,0.29825687644249477
2.7,2.65689,0.0599783,3,0.42437357421384286
2.75,3.45971,0.0621361,3,0.5390396968626883
2.8,4.38872,0.0642193,3,0.6423378737741225
2.85,5.59961,0.0658417,3,0.7481577804443986
2.9,6.75453,0.0678328,3,0.8295951349260866
2.95,8.03103,0.0697399,3,0.9047712482213905
3.0,0.93976,0.0715689,3,-0.02698304425558406
3.05,10.8615,0.0733685,3,1.035889806536247
3.1,12.3959,0.0751394,3,1.0932780640480968
3.15,1.4011,0.0769019,3,0.14646913307186987
3.2,15.7065,0.0786997,3,1.1960794186469665
3.25,17.4828,0.0805761,3,1.2426109893490969
3.3,19.3473,0.0825383,3,1.2866203658966506
3.35,21.3063,0.0845523,3,1.3285080377433327
3.4,23.3642,0.0866415,3,1.3685509151898367
3.45,25.5138,0.0088795,3,1.4067751468154621
3.5,2.7739,0.0091054,3,0.4430908005617059
3.55,30.0715,0.0933766,3,1.478155091734547
3.6,32.4891,0.0957435,3,1.5117376808602965
3.65,3.4995,0.0982027,3,0.5440059978494338
3.7,37.5989,0.100704,3,1.5751751393181341
3.75,40.2732,0.103251,3,1.605016138848257
3.8,43.0488,0.105833,3,1.6339610498514185
3.85,45.9094,0.108451,3,1.6619016169134417
3.9,4.8821,0.111136,3,0.6886066708213183
3.95,5.2163,0.113529,3,0.717362560599233
4.0,55.1884,0.116331,3,1.7418478033560107
4.05,58.2837,0.119155,3,1.7655471141099157
4.1,61.4551,0.122027,3,1.7885579296952259
4.15,64.6733,0.012494,3,1.8107250216897388
4.2,67.9569,0.127865,3,1.8322335593729806
4.25,71.2922,0.130863,3,1.853042016776645
4.3,74.6656,0.133918,3,1.8731205593632998
4.35,78.0466,0.137013,3,1.892353988328595
4.4,81.4523,0.140134,3,1.9109033521584067
4.45,84.8814,0.014332,3,1.9288125340325453
4.5,88.2982,0.146575,3,1.9459518503721853
4.55,91.6256,0.149905,3,1.9620168315873667
4.6,95.0541,0.015326,3,1.977970854173303
4.65,98.4464,0.156647,3,1.9931998394307555
4.7,0.00102,0.160152,3,-2.9913998282380825
4.75,0.00105,0.163655,3,-2.9788107009300617
4.8,0.00108,0.167216,3,-2.96657624451305
4.85,0.00112,0.170817,3,-2.9507819773298185
4.9,0.00115,0.174485,3,-2.939302159646388
4.95,0.00118,0.178219,3,-2.9281179926938745
5.0,0.00121,0.182031,3,-2.91721462968355
-0.5,0.0824247,0.0713932,4,-1.083942624877338
-0.45,0.0734459,0.0634069,4,-1.1340324429925084
-0.4,0.0659257,0.0569376,4,-1.1809452501651938
-0.35,0.0059626,0.0513441,4,-2.2245643242480133
-0.3,0.0541688,0.0463704,4,-1.2662507852204545
-0.25,0.0493594,0.0004189,4,-1.3066301281132444
-0.2,0.0445819,0.0375842,4,-1.350841426615495
-0.15,0.0407264,0.0338206,4,-1.3901239775701195
-0.1,0.0036251,0.0303359,4,-2.4406800087208014
-0.05,0.0336298,0.0272367,4,-1.4732757154731926
0.0,0.0308034,0.0024402,4,-1.5114013445468366
0.05,0.0282031,0.0218058,4,-1.5497031527125589
0.1,0.0002582,0.0194139,4,-3.5880437620695984
0.15,0.0236031,0.0171879,4,-1.6270309536197853
0.2,0.0002155,0.0151098,4,-3.6665527255032497
0.25,0.0196556,0.0013159,4,-1.706513694519447
0.3,0.0178773,0.0113083,4,-1.7476980718737094
0.35,0.0161977,0.00954001,4,-1.7905466489279276
0.4,0.0146275,0.00785026,4,-1.8348298932172442
0.45,0.0131451,0.00623129,4,-1.8812361056943248
0.5,0.0011764,0.00468638,4,-2.9294449841649683
0.55,0.0105046,0.00370066,4,-1.9786204802499545
0.6,0.00930445,0.00022506,4,-2.0313092935729404
0.65,0.00082015,0.000906349,4,-3.086106710769084
0.7,0.00718036,6.84799e-05,4,-2.143853781092786
0.75,0.00063039,0.00128607,4,-3.2003906847622594
0.8,0.00554084,0.00226809,4,-2.2564243905584442
0.85,0.00488395,0.00310616,4,-2.3112287908441185
0.9,0.00430616,0.00038666,4,-2.3659098375347902
0.95,0.00332697,0.00415367,4,-2.4779511152397435
1.0,0.00333966,0.00497808,4,-2.4762977450566965
1.05,0.00302152,0.00531386,4,-2.5197745267304708
1.1,0.00251767,0.00633147,4,-2.5990011950268714
1.15,0.00211528,0.00714783,4,-2.6746321368438757
1.2,1.773e-05,0.00784018,4,-4.751291264399082
1.25,0.00145547,0.00849797,4,-2.8369967417667237
1.3,0.00114604,0.00919078,4,-2.940800224012511
1.35,0.000798878,0.0100346,4,-3.097519538548693
1.4,0.000109478,0.0108513,4,-3.960673145102777
1.45,0.000160072,0.0109528,4,-3.795684628786348
1.5,0.000228361,0.0123115,4,-3.641378063871998
1.55,0.000793804,0.0142555,4,-3.1002867170016057
1.6,0.00132192,0.0161701,4,-2.878794826703508
1.65,0.00181835,0.0181013,4,-2.740322519112519
1.7,0.00228502,0.0200562,4,-2.641109994346155
1.75,0.00027221,0.0220307,4,-3.565095924448459
1.8,0.00311898,0.0240007,4,-2.5059874100833457
1.85,0.00348654,0.0260127,4,-2.457605347903599
1.9,0.00038154,0.0280512,4,-3.4184599246327427
1.95,0.00409536,0.0030121,4,-2.3877079158470216
2.0,0.00424256,0.0032223,4,-2.3723720069985825
2.05,0.00416119,0.0343966,4,-2.3807824538615363
2.1,0.00353558,0.0366466,4,-2.451539331474591
2.15,0.00157081,0.0389456,4,-2.803876342612343
2.2,0.00335035,0.0411994,4,-2.4749098212829277
2.25,0.0224325,0.0420846,4,-1.6491223235769819
2.3,0.0435438,0.0445774,4,-1.3610736734341358
2.35,0.0861183,0.0468105,4,-1.0649045518618612
2.4,0.148213,0.0490379,4,-0.8291137020202859
2.45,0.261958,0.0509567,4,-0.5817683339871647
2.5,0.408407,0.0534005,4,-0.38890682281597894
2.55,0.656189,0.0556682,4,-0.18297105416841403
2.6,0.954265,0.0578891,4,-0.020331004691906813
2.65,1.35667,0.0602366,4,0.13247422156685584
2.7,1.87802,0.0625271,4,0.27370021297981934
2.75,2.53083,0.0647399,4,0.4032629738656777
2.8,3.32697,0.0668573,4,0.5220488847602566
2.85,4.26209,0.0688815,4,0.6296226162112862
2.9,5.49232,0.0704387,4,0.7397558326771703
2.95,0.66796,0.0723869,4,-0.1752495439606969
3.0,7.99061,0.0742379,4,0.9025799344481309
3.05,0.94227,0.0760742,4,-0.025824635733006456
3.1,10.9647,0.0778451,4,1.0399967536490242
3.15,12.6041,0.0079562,4,1.1005118401760263
3.2,14.3345,0.0812791,4,1.1563825489722102
3.25,16.1572,0.0830372,4,1.2083661008748197
3.3,18.0792,0.0848582,4,1.257179209144191
3.35,20.0995,0.0867507,4,1.3031852539407958
3.4,22.2186,0.0887183,4,1.346716690454094
3.45,2.4451,0.0090744,4,0.3882966256519036
3.5,26.7819,0.0928321,4,1.4278413841115802
3.55,2.9203,0.0950034,4,0.4654274684525741
3.6,31.7198,0.0097237,4,1.5013304403362908
3.65,34.3387,0.0995673,4,1.5357838495461158
3.7,37.0668,0.101954,4,1.568985094733933
3.75,39.8817,0.001044,4,1.600773662299688
3.8,42.7963,0.106885,4,1.6314062232411224
3.85,45.8237,0.109414,4,1.6610901530486593
3.9,48.9128,0.111994,4,1.6894225246029868
3.95,52.5004,0.114275,4,1.72016261230369
4.0,55.7049,0.116998,4,1.745893398932499
4.05,59.0001,0.119755,4,1.7708527477338625
4.1,62.3824,0.122554,4,1.7950620790890681
4.15,65.8626,0.125372,4,1.8186388709760273
4.2,69.3874,0.128215,4,1.8412806144421763
4.25,72.9754,0.131137,4,1.8631764841645626
4.3,76.5792,0.134122,4,1.8841108250907979
4.35,80.2026,0.137159,4,1.9041884474281805
4.4,83.8658,0.140232,4,1.9235848940905826
4.45,8.7538,0.143355,4,0.9421966199685945
4.5,91.2334,0.146537,4,1.960153860041081
4.55,94.9269,0.149769,4,1.977389298477177
4.6,98.5837,0.153062,4,1.9938051138737685
4.65,0.00102,0.156434,4,-2.9913998282380825
4.7,0.00106,0.159835,4,-2.9746941347352296
4.75,0.00109,0.163304,4,-2.962573502059376
4.8,0.00113,0.166798,4,-2.94692155651658
4.85,0.00116,0.170358,4,-2.9355420107730814
4.9,0.0012,0.173987,4,-2.9208187539523753
4.95,0.00123,0.177679,4,-2.910094888560602
5.0,0.00127,0.181407,4,-2.896196279044043
-0.5,0.0848021,0.0773368,5,-1.0715933929423487
-0.45,0.0767551,0.0699557,5,-1.1148927581534287
-0.4,0.0699102,0.0638562,5,-1.155459455433971
-0.35,0.0641098,0.0584676,5,-1.1930755779600033
-0.3,0.0589219,0.0535483,5,-1.229723257311223
-0.25,0.0054261,0.0490155,5,-2.2655122066953224
-0.2,0.0500319,0.0448404,5,-1.3007530041354318
-0.15,0.0461414,0.0409535,5,-1.3359092324622908
-0.1,0.0422253,0.0371808,5,-1.3744272561943311
-0.05,0.0380249,0.0336628,5,-1.4199319194052809
0.0,0.0354649,0.0030483,5,-1.4502012603892391
0.05,0.0326756,0.0275395,5,-1.4857764290176023
0.1,0.0301048,0.0248209,5,-1.521364253664769
0.15,0.0276578,0.0022262,5,-1.5581823681840128
0.2,0.0253713,0.0198589,5,-1.5956572793938824
0.25,0.0232306,0.0175891,5,-1.6339395730958461
0.3,0.0212285,0.0154422,5,-1.67308069187911
0.35,0.0193371,0.0134023,5,-1.7136086568524715
0.4,0.0175581,0.0114712,5,-1.755522481833114
0.45,0.0158973,0.00964961,5,-1.7986766300614587
0.5,0.0143403,0.00792209,5,-1.8434417631046385
0.55,0.0128777,0.00628089,5,-1.8901616964874233
0.6,0.0011538,0.00474629,5,-2.9378694653778767
0.65,0.0103387,0.00383672,5,-1.9855340664955223
0.7,0.00919717,0.00248635,5,-2.036345785964914
0.75,0.00820857,0.00135496,5,-2.0857324939403887
0.8,0.00731686,0.000632044,5,-2.1356752546302866
0.85,0.00651643,0.000199016,5,-2.1859902656057546
0.9,0.00576616,0.00138811,5,-2.2391133109327175
0.95,5.021e-05,0.00025205,5,-4.299209778625653
1.0,0.00433712,0.00036062,5,-2.3627985615688183
1.05,0.00315427,0.00427185,5,-2.5011011345672407
1.1,0.00330908,0.00476913,5,-2.4802927332515794
1.15,0.00276187,0.00590148,5,-2.5587967673255845
1.2,0.00230941,0.00680713,5,-2.63649895797469
1.25,0.00188618,7.69e-08,5,-2.724416864474321
1.3,0.00144509,0.00866628,5,-2.840105104266468
1.35,0.000957606,0.00984305,5,-3.0188131414668002
1.4,0.000431339,0.0112244,5,-3.3651812728555317
1.45,0.000502478,0.0012126,5,-3.298882948211475
1.5,0.000601011,0.0138556,5,-3.22111757925253
1.55,0.00116059,0.0157146,5,-2.935321175770049
1.6,0.00171728,0.0176156,5,-2.7651588879836133
1.65,0.00225336,0.0195525,5,-2.6471694192287707
1.7,2.76e-08,0.0215149,5,-7.559090917934783
1.75,0.00323504,0.0234957,5,-2.4901203450812535
1.8,0.00366682,0.0254696,5,-2.4357104085355585
1.85,0.00407074,0.0274829,5,-2.390326635319258
1.9,0.00443168,0.0295128,5,-2.353431606414006
1.95,0.00474916,0.0315673,5,-2.323383198717292
2.0,0.00498761,0.0336493,5,-2.302107512986157
2.05,0.00582169,0.0354865,5,-2.234950924090239
2.1,0.00464457,0.0377214,5,-2.3330544873262204
2.15,0.00397156,0.0399651,5,-2.4010388719986184
2.2,0.00230081,0.0413885,5,-2.6381192437209853
2.25,0.0126631,0.0433986,5,-1.897459963506036
2.3,0.0288782,0.0457939,5,-1.5394298801616033
2.35,0.0605716,0.0480591,5,-1.2177309542879373
2.4,0.117942,0.0049888,5,-0.9283315119524871
2.45,0.194417,0.0523833,5,-0.7112657626433114
2.5,0.312268,0.0054828,5,-0.5054725182849257
2.55,0.485911,0.0572488,5,-0.31344326931479327
2.6,0.779128,0.0595328,5,-0.108391187863863
2.65,0.11252,0.0061762,5,-0.9487702765068367
2.7,1.58909,0.0641052,5,0.20114849468786733
2.75,2.18312,0.0663937,5,0.3390776083181566
2.8,2.91811,0.0686074,5,0.4651016588708642
2.85,3.79934,0.0707129,5,0.5797081599713181
2.9,4.83083,0.0072705,5,0.6840217546546067
2.95,6.17871,0.0742049,5,0.7908978119235357
3.0,0.74639,0.0761117,5,-0.1270341878225317
3.05,8.88826,0.0077973,5,0.9488167501310287
3.1,10.4342,0.0797861,5,1.0184591569084886
3.15,12.0929,0.0815337,5,1.0825304615696658
3.2,13.8586,0.0832277,5,1.1417193599305915
3.25,15.6965,0.0849279,5,1.1958028243747103
3.3,17.6425,0.0866681,5,1.2465601261061714
3.35,19.7006,0.0884583,5,1.2944794532032706
3.4,21.8552,0.0903244,5,1.339554785133562
3.45,24.1005,0.0092262,5,1.382026052740363
3.5,26.4623,0.0942467,5,1.4226275886760422
3.55,28.9299,0.0962959,5,1.4613469324546455
3.6,31.4769,0.0984066,5,1.497991954335455
3.65,34.1424,0.100625,5,1.5332940460734379
3.7,36.9214,0.102909,5,1.5672781604131132
3.75,39.7985,0.105264,5,1.5998667038827563
3.8,42.7643,0.107677,5,1.631081367546588
3.85,45.8356,0.110139,5,1.661202920751744
3.9,48.9982,0.112652,5,1.6901801260606344
3.95,52.6958,0.114845,5,1.721776002128819
4.0,56.0036,0.117492,5,1.7482159450398242
4.05,59.4174,0.120182,5,1.7739136439274612
4.1,6.2955,0.122886,5,0.7990302282671713
4.15,6.6539,0.125651,5,0.8230762696655758
4.2,70.1909,0.012843,5,1.8462808110477429
4.25,73.8967,0.131286,5,1.8686250445681636
4.3,77.6656,0.013419,5,1.8902287017059898
4.35,81.4795,0.137136,5,1.911048355282628
4.4,85.2973,0.140138,5,1.9309352842313026
4.45,89.1429,0.143195,5,1.9500867584635408
4.5,9.3036,0.146311,5,0.9686510300171323
4.55,9.6907,0.149477,5,0.9863551491000169
4.6,0.00101,0.152715,5,-2.9956786262173574
4.65,0.00105,0.156021,5,-2.9788107009300617
4.7,0.00108,0.159376,5,-2.96657624451305
4.75,0.00112,0.162769,5,-2.9507819773298185
4.8,0.00116,0.166222,5,-2.9355420107730814
4.85,0.0012,0.169744,5,-2.9208187539523753
4.9,0.00123,0.173333,5,-2.910094888560602
4.95,0.00127,0.176952,5,-2.896196279044043
5.0,0.0013,0.018065,5,-2.886056647693163
-0.5,0.0819556,0.0786942,6,-1.086421365876201
-0.45,0.0075436,0.0717358,6,-2.122421348160227
-0.4,0.0695037,0.0658968,6,-1.1579920753118826
-0.35,0.0642876,0.0606924,6,-1.1918727871209502
-0.3,0.0595973,0.0559284,6,-1.224773415119871
-0.25,0.0553033,0.0515223,6,-1.257248953161304
-0.2,0.0513516,0.0474485,6,-1.2894460202196607
-0.15,0.0476756,0.0043625,6,-1.3217038326280617
-0.1,0.0442461,0.0400419,6,-1.354125003454824
-0.05,0.0407943,0.0366016,6,-1.3894005146425321
0.0,0.0368568,0.0333326,6,-1.433482374018486
0.05,0.0346389,0.0303226,6,-1.4604359079801923
0.1,0.0320557,0.0274973,6,-1.4940947349924465
0.15,0.0296137,0.0248477,6,-1.5285073275247594
0.2,0.0027309,0.0223474,6,-2.5636942025491463
0.25,0.0251407,0.0199791,6,-1.5996226342910704
0.3,0.0230728,0.0177276,6,-1.6368996984671593
0.35,0.0211294,0.0155979,6,-1.6751128351951468
0.4,0.0193061,0.0135878,6,-1.7143054486205982
0.45,0.0175867,0.0116861,6,-1.7548156446950878
0.5,0.0159714,0.00988042,6,-1.7966570133777529
0.55,0.0014454,0.00816725,6,-2.840011949618013
0.6,0.0130487,0.00657406,6,-1.8844327535325451
0.65,0.0117557,0.00510012,6,-1.929751505451331
0.7,0.0106533,0.00436072,6,-1.9725158429486767
0.75,0.00955953,0.00307382,6,-2.0195634595465166
0.8,0.00856386,0.00018768,6,-2.0673304410651805
0.85,0.00760339,0.000937339,6,-2.118992732714088
0.9,0.00670596,0.000161895,6,-2.1735390413979663
0.95,0.00585564,0.00155321,6,-2.232425631201611
1.0,0.00505453,0.00281609,6,-2.296319221457009
1.05,0.00434148,0.00396766,6,-2.3623621953114955
1.1,0.00317982,0.00472087,6,-2.4975974634178533
1.15,0.00315917,0.00569003,6,-2.5004270033840466
1.2,0.00267768,0.00663167,6,-2.572241325209759
1.25,0.00218988,0.00076006,6,-2.6595796827697895
1.3,0.00167669,0.00870708,6,-2.7755472258462004
1.35,0.00111121,0.0100297,6,-2.9542038589503568
1.4,0.000518266,0.0115351,6,-3.285447281410757
1.45,0.000518491,0.0125665,6,-3.285258777720958
1.5,0.000644968,0.0143963,6,-3.1904618322921348
1.55,0.00125537,0.0163596,6,-2.9012282540429095
1.6,0.00186204,0.0183595,6,-2.730010993820473
1.65,0.00244567,0.0203838,6,-2.611602143721506
1.7,0.00029986,0.0224221,6,-3.5230814633431202
1.75,0.00351448,0.0244663,6,-2.4541389237983027
1.8,0.00398315,0.0264925,6,-2.3997733383444633
1.85,0.00442088,0.0285495,6,-2.3544912733875276
1.9,0.00481623,0.0306165,6,-2.3172927814375823
1.95,0.00600193,0.0323929,6,-2.221709074021298
2.0,0.00542901,0.0345417,6,-2.26527935839206
2.05,0.00563694,0.0368105,6,-2.248956587817313
2.1,0.00562465,0.0391003,6,-2.249904496825106
2.15,0.00517984,0.0414382,6,-2.2856836549633166
2.2,0.00383633,0.0436202,6,-2.416084042008465
2.25,0.00115793,0.0458221,6,-2.9363176940909783
2.3,0.0114899,0.0477728,6,-1.9396837510886669
2.35,0.0327983,0.0495997,6,-1.4841486660368783
2.4,0.0681869,0.0518465,6,-1.1662990535573807
2.45,0.120838,0.0054161,6,-0.9177964713841247
2.5,0.203648,0.0565604,6,-0.6911198507055502
2.55,0.330376,0.0589645,6,-0.48099150931214507
2.6,0.553001,0.0611892,6,-0.25727408335336827
2.65,0.822914,0.0634476,6,-0.08464554908542452
2.7,1.19531,0.0658043,6,0.07748055284045242
2.75,1.68956,0.0006812,6,0.22777361913916375
2.8,2.31803,0.0703627,6,0.3651190523135767
2.85,3.08896,0.0725268,6,0.4898122845100126
2.9,0.40154,0.0007456,6,-0.39627118534423006
2.95,5.25881,0.0760865,6,0.720887480103781
3.0,0.06457,0.0779988,6,-1.1899692135941604
3.05,7.80681,0.0798809,6,0.8924736097533543
3.1,9.29707,0.0081725,6,0.9683461008846511
3.15,10.9058,0.0835208,6,1.037657528955715
3.2,12.6253,0.0852419,6,1.1012417065369655
3.25,14.4487,0.0869298,6,1.1598287738590403
3.3,16.3724,0.0886068,6,1.2141123465077215
3.35,18.3979,0.0903158,6,1.264768253962771
3.4,20.5183,0.0921041,6,1.312141375386974
3.45,22.7537,0.0939545,6,1.357052027759156
3.5,25.0894,0.0958658,6,1.3994902755113066
3.55,27.5293,0.0978301,6,1.439795168530913
3.6,30.0577,0.0998338,6,1.4779557455281949
3.65,32.7005,0.010194,6,1.514554393197926
3.7,35.4379,0.104126,6,1.549467978298706
3.75,38.2951,0.001064,6,1.5831432079346537
3.8,41.2512,0.108748,6,1.6154365867234717
3.85,44.3377,0.111143,6,1.6467731605146871
3.9,47.4952,0.113606,6,1.6766497208070124
3.95,51.1801,0.115764,6,1.7091011301132175
4.0,54.4713,0.118385,6,1.7361677401728808
4.05,57.8981,0.121033,6,1.7626643120339165
4.1,6.1444,0.123723,6,0.7884794804834379
4.15,65.0728,0.126453,6,1.8133994942763016
4.2,68.7629,0.129194,6,1.8373541842953973
4.25,72.5471,0.132017,6,1.8606200566197932
4.3,76.3774,0.134892,6,1.8829648702604993
4.35,80.2345,0.137809,6,1.9043611505517757
4.4,84.1658,0.140763,6,1.9251356557688137
4.45,8.8095,0.143795,6,0.9449512598986384
4.5,92.0872,0.146861,6,1.9641992680286058
4.55,96.0313,0.149996,6,1.9824128080578487
4.6,0.001,0.153201,6,-3.0
4.65,0.00104,0.156453,6,-2.9829666607012197
4.7,0.00108,0.015978,6,-2.96657624451305
4.75,0.00112,0.163151,6,-2.9507819773298185
4.8,0.00116,0.166554,6,-2.9355420107730814
4.85,0.0012,0.170017,6,-2.9208187539523753
4.9,0.00123,0.173543,6,-2.910094888560602
4.95,0.00127,0.177133,6,-2.896196279044043
5.0,0.00131,0.180768,6,-2.8827287043442356
-0.5,0.0069164,0.0515835,7,-2.1601198978779728
-0.45,0.0567188,0.0417379,7,-1.2462729660988134
-0.4,0.0455801,0.0333695,7,-1.3412247263386061
-0.35,0.0360043,0.0266699,7,-1.4436456282673842
-0.3,0.0317276,0.0002208,7,-1.4985627783936835
-0.25,0.0273282,0.0182193,7,-1.563388972618045
-0.2,0.0236796,0.0015088,7,-1.625625638066516
-0.15,0.0205959,0.0124659,7,-1.686219225485006
-0.1,0.0017975,0.0010258,7,-2.7453311009450796
-0.05,0.0015731,0.00837294,7,-2.803243668942013
0.0,0.0013784,0.00676295,7,-2.860624735560028
0.05,0.0121143,0.00537678,7,-1.9167016756181257
0.1,0.0106553,0.00417579,7,-1.9724343182153428
0.15,0.00094097,0.00356251,7,-3.026424222526141
0.2,0.00818694,0.00245245,7,-2.0868783924325247
0.25,0.00713448,0.00153067,7,-2.146637675157655
0.3,0.00619427,0.000967663,7,-2.208009868247155
0.35,0.00536571,0.000306649,7,-2.2703728033008987
0.4,0.00458469,0.000401929,7,-2.3386900244085567
0.45,0.00301685,0.00111245,7,-2.520446282729144
0.5,0.00308603,0.00207249,7,-2.510599856376847
0.55,0.00242803,0.00301181,7,-2.6147459515531364
0.6,0.00180868,0.00384821,7,-2.742638263724744
0.65,0.00122403,0.00465449,7,-2.9122079378483066
0.7,0.000935937,0.00488439,7,-3.0287533836050455
0.75,3.58347e-05,0.00556105,7,-4.445696226994356
0.8,0.000296055,0.00533983,7,-3.528627599827471
0.85,0.000974559,0.00331852,7,-3.011191863474226
0.9,0.000477142,0.00464142,7,-3.321352353373121
0.95,0.000360983,0.00472042,7,-3.442513250116602
1.0,0.000560494,0.00487882,7,-3.251429032098158
1.05,0.000695015,0.00506304,7,-3.1580058222488354
1.1,0.000822902,0.00528093,7,-3.0846518821552
1.15,0.000541243,0.00625443,7,-3.2666077074164663
1.2,0.000939101,0.00728719,7,-3.0272876969949944
1.25,0.00152747,0.00863199,7,-2.816027310684362
1.3,0.00226156,0.0102927,7,-2.645591885776452
1.35,0.00305177,0.0121202,7,-2.5154482005647383
1.4,0.00385987,0.0140568,7,-2.4134273220726468
1.45,0.00468807,0.0161096,7,-2.3290059122658255
1.5,0.00679636,0.0180297,7,-2.167723624818792
1.55,0.00634879,0.0202801,7,-2.1973090379200615
1.6,0.00709311,0.0226967,7,-2.149163305057351
1.65,0.00778935,0.0250952,7,-2.108498781504731
1.7,0.00839005,0.0274815,7,-2.0762354510116583
1.75,0.00889618,0.0029857,7,-2.0507964384176063
1.8,0.00932624,0.0322077,7,-2.0302934126715204
1.85,0.00097036,0.0034612,7,-3.0130671141791168
1.9,0.0100099,0.0370575,7,-1.9995702611485657
1.95,0.0102124,0.0395433,7,-1.9908721830578948
2.0,0.0010221,0.0420699,7,-2.99050661171246
2.05,0.00996666,0.0044645,7,-2.001450356893311
2.1,0.00862347,0.0471305,7,-2.064317943153231
2.15,0.00504606,0.0495329,7,-2.2970475898243907
2.2,0.00434994,0.0051389,7,-2.361516733355391
2.25,0.0297432,0.0526051,7,-1.5266123085921455
2.3,0.0670189,0.0547482,7,-1.1738027046393713
2.35,0.120268,0.0570295,7,-0.9198499110817481
2.4,0.201334,0.0590878,7,-0.6960828780397131
2.45,0.317532,0.0608913,7,-0.4982125011653115
2.5,0.471773,0.0623791,7,-0.3262669178093645
2.55,0.699651,0.0631655,7,-0.15511854080099705
2.6,0.916864,0.0643554,7,-0.03769507919350981
2.65,1.18816,0.0656879,7,0.07487492754606491
2.7,1.51408,0.0067173,7,0.18014882274705069
2.75,1.89319,0.0688672,7,0.2771942018194674
2.8,2.33727,0.0707723,7,0.36870888472298413
2.85,2.85486,0.0728581,7,0.45558481565778164
2.9,3.44149,0.0750852,7,0.5367465119542214
2.95,4.10908,0.0774197,7,0.6137445966574268
3.0,4.85355,0.0798078,7,0.6860595079711113
3.05,5.76683,0.0818813,7,0.7609371490612998
3.1,6.64309,0.0845264,7,0.8223701362649124
3.15,7.60884,0.0872033,7,0.8813184517772903
3.2,8.65889,0.0089939,7,0.937462222528647
3.25,9.78368,0.0927479,7,0.9905022395610442
3.3,10.9813,0.0956154,7,1.0406537562713254
3.35,1.2245,0.0985506,7,0.08795878946073288
3.4,13.5793,0.101575,7,1.132877383053996
3.45,14.9688,0.104684,7,1.1751869857627377
3.5,16.4246,0.107868,7,1.215494801677293
3.55,17.9331,0.011113,7,1.253655370238268
3.6,19.4746,0.114448,7,1.289468546212289
3.65,21.0894,0.117878,7,1.3240642241019402
3.7,22.7375,0.121395,7,1.35674271207154
3.75,2.4428,0.124997,7,0.387887911323828
3.8,26.1413,0.128682,7,1.417327181132359
3.85,27.8792,0.132453,7,1.4452803074256007
3.9,29.6384,0.136303,7,1.4718547549777805
3.95,31.4206,0.140229,7,1.4972144739630626
4.0,33.2136,0.014422,7,1.521315951039535
4.05,35.0174,0.148283,7,1.5442838970994688
4.1,36.8265,0.152427,7,1.566160445357318
4.15,38.6416,0.156631,7,1.5870551005795033
4.2,40.4561,0.160861,7,1.6069840141214853
4.25,42.2645,0.165191,7,1.6259757355256672
4.3,44.0685,0.169581,7,1.6441282682814282
4.35,45.8679,0.174007,7,1.661508856999446
4.4,47.6507,0.178473,7,1.678069284909379
4.45,49.4222,0.182989,7,1.6939220738583365
4.5,51.2899,0.187426,7,1.7100318523219336
4.55,5.2912,0.192095,7,0.7235541775696276
4.6,54.5656,0.196787,7,1.7369189350409315
4.65,0.5619,0.020152,7,-0.25034096790510024
4.7,57.7637,0.020629,7,1.7616550037810779
4.75,59.3214,0.211113,7,1.773211391936587
4.8,60.8193,0.215923,7,1.7840414173226349
4.85,6.2282,0.220819,7,0.7943625501873093
4.9,6.3717,0.225767,7,0.8042553196382404
4.95,65.1056,0.230761,7,1.8136183456265698
5.0,66.4356,0.235796,7,1.8224008616029892
-0.5,0.0642691,0.0529134,8,-1.1919977817415444
-0.45,0.0053803,0.0447616,8,-2.269193507844367
-0.4,0.0447921,0.0379629,8,-1.34879857593369
-0.35,0.0370556,0.0324223,8,-1.4311461502941376
-0.3,0.0338897,0.0284423,8,-1.4699322756276922
-0.25,0.0302912,0.0248518,8,-1.5186835215481187
-0.2,0.0271697,0.0217584,8,-1.565915156910187
-0.15,0.0244315,0.0190348,8,-1.6120498681995294
-0.1,0.0220025,0.0166316,8,-1.6575279703359813
-0.05,0.0198412,0.0145107,8,-1.7024320651647922
0.0,0.0017917,0.0126322,8,-2.7467347063098426
0.05,0.0161738,0.0109487,8,-1.7911879315378432
0.1,0.0145815,0.00941145,8,-1.836197797814013
0.15,0.0131397,0.00798718,8,-1.8814145502885595
0.2,0.0118038,0.00663961,8,-1.9279781576634567
0.25,0.0105348,0.00533826,8,-1.9773737049273448
0.3,0.00933545,0.00406786,8,-2.029864742759731
0.35,0.00829479,0.00339601,8,-2.0811946045758076
0.4,0.00716375,0.00207301,8,-2.144859578534194
0.45,0.00614518,0.000940541,8,-2.211465391563233
0.5,0.00520494,2.5342e-05,8,-2.2835842724587483
0.55,0.00437078,0.000887305,8,-2.3594410528538767
0.6,0.00271099,0.00147105,8,-2.5668720843939994
0.65,0.00276882,0.00241443,8,-2.5577052766660135
0.7,0.00226279,0.00298774,8,-2.645355749215001
0.75,0.00184416,0.00335471,8,-2.734201402098738
0.8,0.00141409,0.00379801,8,-2.849522948912874
0.85,0.000961224,0.00434525,8,-3.0171753941962254
0.9,0.000518732,0.00490591,8,-3.285056960036579
0.95,0.000211404,0.00503517,8,-3.6748867996137733
1.0,2.60306e-05,0.00487538,8,-4.584515821376511
1.05,0.000418347,0.00584984,8,-3.3784633410277785
1.1,0.000929073,0.00068357,8,-3.031950160870053
1.15,0.00158923,0.00815316,8,-2.7988132453335868
1.2,0.00238004,0.00979105,8,-2.623415743937901
1.25,0.00325823,0.0116724,8,-2.487018261892091
1.3,0.00418013,0.0137245,8,-2.37881021166881
1.35,0.00646477,0.0157279,8,-2.1894469215968417
1.4,0.00613277,0.0180306,8,-2.2123433225461415
1.45,0.00705076,0.0205747,8,-2.15176406797075
1.5,0.00797366,0.0231419,8,-2.098342286766419
1.55,0.00885832,0.0257207,8,-2.052648635213598
1.6,0.00097016,0.0282923,8,-3.0131566354380457
1.65,0.0105173,0.0308383,8,-1.9780957379011483
1.7,0.0112828,0.0333414,8,-1.9475831101355427
1.75,0.0119712,0.0357838,8,-1.921862313481889
1.8,0.0125584,0.0381369,8,-1.9010656882607744
1.85,0.0130611,0.0404722,8,-1.8840202454336339
1.9,0.0013476,0.0042788,8,-2.8704389976909175
1.95,0.0138214,0.0451155,8,-1.8594479640906065
2.0,0.0141058,0.0474749,8,-1.8506022781202378
2.05,0.0143054,0.0499044,8,-1.844499994177206
2.1,0.0139406,0.0518583,8,-1.8557185339079174
2.15,0.0136177,0.0544831,8,-1.8658962376257104
2.2,0.0121986,0.0570311,8,-1.9136900092566684
2.25,0.00888252,0.0595266,8,-2.0514638059743104
2.3,0.000508265,0.0615515,8,-3.2939097955308476
2.35,0.0280026,0.0620516,8,-1.5528016431852578
2.4,0.0611158,0.0643088,8,-1.2138464989922206
2.45,0.107678,0.0666307,8,-0.9678730195858329
2.5,0.176207,0.0687905,8,-0.753976842796912
2.55,0.272958,0.0707185,8,-0.5639041726350282
2.6,0.402171,0.0724006,8,-0.3955892489905245
2.65,0.596631,0.0734336,8,-0.22429418513558608
2.7,0.788375,0.0747073,8,-0.10326715599862375
2.75,1.02631,0.0760908,8,0.011278560536470996
2.8,1.31058,0.0776024,8,0.11746353615490328
2.85,0.16479,0.0792838,8,-0.7830691462589787
2.9,2.03921,0.0811418,8,0.30946195218569644
2.95,2.49475,0.0083153,8,0.397027031297926
3.0,3.01048,0.0852691,8,0.4786357463352311
3.05,3.59908,0.0875328,8,0.5561915002156818
3.1,0.42601,0.0898895,8,-0.3705802063107874
3.15,5.08776,0.0918932,8,0.7065266165684226
3.2,5.88451,0.0945092,8,0.7697103052158278
3.25,6.78138,0.0097199,8,0.8313180810941885
3.3,0.77493,0.0999599,8,-0.11073752586368564
3.35,8.81654,0.102781,8,0.9452981822152995
3.4,9.96804,0.105694,8,0.9986097720663405
3.45,1.1193,0.108684,8,0.04894650376049151
3.5,12.4921,0.111761,8,1.096635452125113
3.55,13.8824,0.114909,8,1.142464553774022
3.6,15.3272,0.118116,8,1.1854628244163241
3.65,16.8601,0.121445,8,1.2268601461676913
3.7,18.4578,0.124855,8,1.2661799358665875
3.75,2.0105,0.128344,8,0.3033040774389299
3.8,21.8207,0.131899,8,1.3388686784824366
3.85,23.5781,0.013555,8,1.3725088053069183
3.9,25.3939,0.139262,8,1.4047294050253432
3.95,27.2636,0.143051,8,1.4355832013485226
4.0,2.9183,0.146918,8,0.46512993514055423
4.05,31.1084,0.150866,8,1.4928776745918146
4.1,33.0831,0.154883,8,1.5196061976705593
4.15,3.5054,0.158957,8,0.5447375823257716
4.2,37.0618,0.163057,8,1.5689265081044053
4.25,39.0694,0.167266,8,1.5918367416908707
4.3,41.0891,0.171537,8,1.6137266287450944
4.35,43.1307,0.175864,8,1.6347865066892011
4.4,45.1319,0.180218,8,1.654483617192786
4.45,47.1443,0.184635,8,1.6734291917034603
4.5,49.1445,0.189114,8,1.6914749208801279
4.55,51.3196,0.193484,8,1.7102832626976343
4.6,53.2085,0.198083,8,1.7259810159082751
4.65,55.0955,0.202707,8,1.7411161287070032
4.7,56.9425,0.207383,8,1.7554365304675987
4.75,58.7585,0.212095,8,1.7690707004940212
4.8,60.5195,0.216815,8,1.781895331311857
4.85,62.2381,0.221616,8,1.7940563260749698
4.9,63.9009,0.226461,8,1.8055069749390131
4.95,65.5125,0.231358,8,1.8163241727106498
5.0,67.0695,0.236287,8,1.8265250687075762
-0.5,0.0674186,0.0551907,9,-1.1712202701862653
-0.45,0.0561024,0.0466092,9,-1.2510185596981724
-0.4,0.0476827,0.0402418,9,-1.3216391609460536
-0.35,0.0407031,0.0034834,9,-1.390372513093597
-0.3,0.0034083,0.0302166,9,-2.467462185439849
-0.25,0.0031687,0.0268995,9,-2.4991188761495446
-0.2,0.0286705,0.0238946,9,-1.5425647330965058
-0.15,0.0260338,0.0212606,9,-1.5844624358638064
-0.1,0.0023682,0.0189442,9,-2.625581623220841
-0.05,0.0215936,0.0168841,9,-1.6656749477630064
0.0,0.0197139,0.0150247,9,-1.705227450762095
0.05,0.0180012,0.0133204,9,-1.7446985428962898
0.1,0.0164244,0.0117302,9,-1.7845104866965622
0.15,0.0149538,0.0102136,9,-1.8252484321337172
0.2,0.0135602,0.00874135,9,-1.8677339049928614
0.25,0.0122268,0.00728996,9,-1.9126871917117128
0.3,0.0109574,5.872e-05,9,-1.9602924841370526
0.35,0.00975693,0.00451955,9,-2.010686810795924
0.4,0.00876701,0.00390206,9,-2.0571484980718355
0.45,0.00768232,0.00261255,9,-2.1145076066553847
0.5,0.00669232,0.00146224,9,-2.174423300986457
0.55,0.00574283,0.000702732,9,-2.2408740395702487
0.6,0.00494442,2.95048e-05,9,-2.3058846455375437
0.65,0.00431406,8.8565e-05,9,-2.3651138190184278
0.7,0.00292429,0.00101956,9,-2.5339795608678766
0.75,0.00309436,0.00184581,9,-2.5094291615744564
0.8,0.00024855,0.00275872,9,-3.604586232524982
0.85,0.00018736,0.00361755,9,-3.727323122271712
0.9,0.00013107,0.00437672,9,-3.882496700570769
0.95,0.00102577,0.00446036,9,-2.9889500066009127
1.0,0.000454942,0.00538358,9,-3.342043967486942
1.05,0.000739786,0.00561187,9,-3.1308938917017244
1.1,0.000820562,0.00710403,9,-3.085888598961155
1.15,0.00167135,0.00089409,9,-2.776932594300531
1.2,0.00264704,0.0010967,9,-2.5772394959302267
1.25,0.00369843,0.0131919,9,-2.4319825967542665
1.3,0.00478117,0.0155632,9,-2.320465814189726
1.35,0.00071828,0.0178266,9,-3.1437062260218913
1.4,0.00694888,0.0020341,9,-2.158085188074156
1.45,0.00791948,0.0230373,9,-2.101303333630788
1.5,0.00887513,0.0025722,9,-2.051825276822823
1.55,9.777e-05,0.0283903,9,-4.009794384815193
1.6,0.0106156,0.0310424,9,-1.9740554542228972
1.65,0.0113937,0.0336756,9,-1.9433352198503608
1.7,0.0121275,0.0362862,9,-1.9162287167018988
1.75,0.0128191,0.0388575,9,-1.8921424645796248
1.8,0.0134455,0.0413454,9,-1.8714230429606977
1.85,0.0140087,0.0437979,9,-1.8536021651440726
1.9,0.0144939,0.0461888,9,-1.8388147394023142
1.95,0.0149102,0.0485378,9,-1.8265165310397062
2.0,0.0149463,0.0502875,9,-1.8254663048955198
2.05,0.0153134,0.0527381,9,-1.8149283731617585
2.1,0.0155736,0.0551992,9,-1.8076109841296402
2.15,0.0156958,0.0576966,9,-1.8042165438230569
2.2,0.0155431,0.0602219,9,-1.8084623588538298
2.25,0.0146168,0.0627077,9,-1.835147695398437
2.3,0.0122262,0.0651502,9,-1.9127085041632887
2.35,0.00733818,0.0675391,9,-2.1344116395345583
2.4,0.00437379,0.0693801,9,-2.3591420726999854
2.45,0.0333107,0.0703246,9,-1.477416240831997
2.5,0.0717112,0.0722998,9,-1.1444130100457954
2.55,0.124607,0.0743411,9,-0.9044575597957775
2.6,0.199525,0.0762873,9,-0.7000026805194958
2.65,0.303163,0.0780684,9,-0.5183238039514855
2.7,0.440945,0.0796845,9,-0.35561557762089296
2.75,0.649373,0.0807357,9,-0.18750577267765228
2.8,0.857451,0.0820508,9,-0.06679068882180847
2.85,1.11876,0.0083511,9,0.04873693026846834
2.9,1.42809,0.0851147,9,0.15475557807860485
2.95,0.17952,0.0868648,9,-0.7458871604239325
3.0,0.22228,0.0887321,9,-0.6530996118866584
3.05,2.71491,0.0907591,9,0.43375543718408194
3.1,3.27658,0.0928953,9,0.5154207760261433
3.15,3.91039,0.0951461,9,0.5922200736110639
3.2,4.63065,0.0975001,9,0.665641956806251
3.25,5.52255,0.0995152,9,0.7421396565716833
3.3,6.38505,0.102164,9,0.8051643024826092
3.35,7.35128,0.104889,9,0.8663629647355995
3.4,8.40348,0.107698,9,0.9244591708022605
3.45,9.54657,0.110588,9,0.9798473613589838
3.5,10.7765,0.113562,9,1.0324777332534738
3.55,12.1091,0.116617,9,1.0831118657228431
3.6,13.5074,0.119721,9,1.1305717609893973
3.65,14.9867,0.012295,9,1.1757060137977455
3.7,16.5693,0.012626,9,1.2193041612522344
3.75,18.2073,0.129653,9,1.2602455480991388
3.8,1.9928,0.133115,9,0.29946371452845005
3.85,21.7244,0.136661,9,1.3369477906310605
3.9,23.5894,0.140282,9,1.3727168946794481
3.95,25.5102,0.014398,9,1.4067138634924201
4.0,27.4692,0.147774,9,1.4388460114174768
4.05,29.4741,0.151631,9,1.4694405526644554
4.1,31.5329,0.015555,9,1.4987639135351347
4.15,33.5983,0.015955,9,1.5263173036012394
4.2,35.7063,0.163594,9,1.5527448495533067
4.25,37.8275,0.167746,9,1.5778076399424443
4.3,39.9717,0.017195,9,1.6017526192363125
4.35,42.1301,0.176214,9,1.6245924899693982
4.4,44.2708,0.180543,9,1.6461173700124219
4.45,46.4054,0.018493,9,1.666568520506326
4.5,48.5591,0.189348,9,1.6862706288774183
4.55,50.8893,0.193657,9,1.7066264770429118
4.6,52.9089,0.198234,9,1.7235287324468913
4.65,54.9304,0.202821,9,1.7398127615402057
4.7,56.9252,0.207453,9,1.755304565132482
4.75,58.8825,0.212116,9,1.7699862407512434
4.8,60.7798,0.216806,9,1.7837592666712145
4.85,6.2628,0.221581,9,0.7967685429030853
4.9,64.4275,0.226392,9,1.8090712796116022
4.95,66.1721,0.231245,9,1.8206749173841152
5.0,67.8567,0.236145,9,1.8315927352584263
