Ciclo,VG,IDS (A),IGS (A),Razão IDS/IGS,Razão on/off,direction,Valor Máximo IDS,Valor Mínimo IDS
0,-2.5,9.2177151600481e-06,-9.626116792560424e-08,-95.75735843109696,5719.11031507836,ida,1.030340172292199e-05,1.8015742231369807e-09
1,-2.5,9.581479389453305e-06,-9.765198427658106e-08,-98.11863486885785,7095.555340300798,ida,1.065863307303516e-05,1.5021562882466808e-09
2,-2.5,9.839099220698701e-06,-9.901136621692784e-08,-99.37343152241569,5652.9579467857375,ida,1.092300408345181e-05,1.9322634603469165e-09
3,-2.5,1.027141752274474e-05,-9.759161656575088e-08,-105.24897408400369,5848.489357978354,ida,1.136740411311621e-05,1.9436479092860277e-09
4,-2.5,1.038565642375033e-05,-9.8670504655729e-08,-105.25593701974968,5607.777138671633,ida,1.15088814709452e-05,2.0523072130629316e-09
5,-2.5,1.053473897627555e-05,-1.0185086551928181e-07,-103.43298432040497,5673.9325092803,ida,1.16886849355069e-05,2.0600676720050606e-09
6,-2.5,1.0922610272245952e-05,-9.964710301346712e-08,-109.61292342608076,5659.002366124462,ida,1.209433048643405e-05,2.137184207384735e-09
7,-2.5,1.119452645070851e-05,-1.02927806722164e-07,-108.76095398521625,5538.488200853037,ida,1.237671312992461e-05,2.2346735573108836e-09
8,-2.5,1.1050427019654308e-05,-1.048777136247736e-07,-105.36487341047489,124533.22782888311,ida,1.257563781109639e-05,1.0098218788945347e-10
9,-2.5,1.17191075332812e-05,-1.0225391378071441e-07,-114.60791181463297,129718.31170793448,ida,1.2873470041085968e-05,9.924173288711201e-11
10,-2.5,1.18737216325826e-05,-1.0247921977679651e-07,-115.86467635530403,109394195.83283444,ida,1.304080433328636e-05,1.192092892498067e-13
11,-2.5,1.211303424497601e-05,-9.920735521973256e-08,-122.09814703906854,32585234.100733757,ida,1.3207172742113468e-05,4.053115807388374e-13
12,-2.5,1.2099050763936248e-05,-1.0309839382216521e-07,-117.35440597460659,234309.00102061837,ida,1.331509338342585e-05,5.682706735732346e-11
13,-2.5,1.226886524818838e-05,-1.0271358519275961e-07,-119.4473469615899,881750.1200121895,ida,1.3506995856005228e-05,1.531839412260982e-11
14,-2.5,1.248307216883404e-05,-1.0346222012458381e-07,-120.6534342081832,1348474.1523327597,ida,1.369595520372968e-05,1.015663161213487e-11
15,-2.5,1.260755016119219e-05,-1.0382569115563461e-07,-121.42996613712386,947741.1897322639,ida,1.3839995517628272e-05,1.4603138143165498e-11
16,-2.5,1.2813782632292712e-05,-1.0420739471328491e-07,-122.96423557606842,402230.85583278147,ida,1.4082813322602312e-05,3.501176779052706e-11
17,-2.5,1.312166386924218e-05,-1.023863518412327e-07,-128.15833002419632,7446419.6703955205,ida,1.4380454558704512e-05,1.931190450610298e-12
18,-2.5,1.3197957741795108e-05,-1.0435843478262541e-07,-126.46757082248257,651575.372029033,ida,1.4470636415353512e-05,2.2208691483061038e-11
19,-2.5,1.329566202912247e-05,-1.0505461744969581e-07,-126.55952067493791,1160362.8088082017,ida,1.46763914017356e-05,1.264810565310137e-11
20,-2.5,1.377866192342481e-05,-1.0748398437954173e-07,-128.19269775830352,555671.0480712985,ida,1.50632376971771e-05,2.7108192426905646e-11
21,-2.5,1.388887176290154e-05,-1.0767829650149001e-07,-128.98487637858713,3012761.006384265,ida,1.519200759503292e-05,5.042553180567567e-12
22,-2.5,1.4152061339700588e-05,-1.054415719181634e-07,-134.21709371598195,2616394.1712114173,ida,1.534540569991805e-05,5.865097036511502e-12
23,-2.5,1.4066552466829312e-05,-1.0901606373181491e-07,-129.0319241523318,176296.92907140564,ida,1.54154058691347e-05,8.744001356308928e-11
24,-2.5,1.419984073436353e-05,-1.0845267439663081e-07,-130.93121781794127,409898.2194017428,ida,1.555819471832365e-05,3.795623884639276e-11
25,-2.5,1.438871549908072e-05,-1.1043429282153741e-07,-130.2920961547061,2162483.503311902,ida,1.572507608216256e-05,7.2717669559463365e-12
26,-2.5,1.467466336180223e-05,-1.0985409915065251e-07,-133.58321150745212,621814.1293586536,ida,1.603345845069271e-05,2.5784969645559208e-11
27,-2.5,1.46894217323279e-05,-1.1176919656463721e-07,-131.42638744685675,1377591.3290827076,ida,1.607730337127578e-05,1.167058984175018e-11
28,-2.5,1.480437458667438e-05,-1.1264037880209801e-07,-131.43044034577267,510838.29613758274,ida,1.619851536815986e-05,3.170967308174788e-11
29,-2.5,1.5036546756164172e-05,-1.1173856506729861e-07,-134.56899815303575,394836.7429364563,ida,1.640797745494638e-05,4.155635904834476e-11
30,-2.5,1.513832739874488e-05,-1.14223119851431e-07,-132.53295320978071,828736.5119436535,ida,1.653796425671317e-05,1.9955636101909313e-11
31,-2.5,1.519682336947881e-05,-1.1536419464164281e-07,-131.7291159244416,1657015.4051218587,ida,1.661241003603209e-05,1.0025501262500572e-11
32,-2.5,1.531274210719857e-05,-1.145868324670118e-07,-133.63439565891593,20356230.08486837,ida,1.67438975040568e-05,8.225441269944788e-13
33,-2.5,1.54157642100472e-05,-1.14466544687275e-07,-134.67484540713087,757712.5671691798,ida,1.684587005001958e-05,2.223253352251486e-11
34,-2.5,1.542116297059692e-05,-1.1456072002147271e-07,-134.611260890351,349594.0638994932,ida,1.685748065938242e-05,4.8220157033984634e-11
35,-2.5,1.559734300826676e-05,-1.1241781550097581e-07,-138.74440575774548,193714.95646035642,ida,1.705390241113491e-05,8.803606454943491e-11
36,-2.5,1.561810859129764e-05,-1.1288452128610521e-07,-138.35473998878578,79545217.45551482,ida,1.706855255179107e-05,2.1457672878116843e-13
37,-2.5,1.588272971275728e-05,-1.1075711370267531e-07,-143.40144106133053,313291.27857064037,ida,1.73477892531082e-05,5.5372716828427926e-11
38,-2.5,1.572344262967817e-05,-1.1320805270997881e-07,-138.88978966857732,1198750.6436714956,ida,1.719113606668543e-05,1.434087744389689e-11
39,-2.5,1.59440387506038e-05,-1.1454045534264881e-07,-139.20006431707523,411.59070799874644,ida,1.74333563336404e-05,4.235604933455761e-08
0,-2.5,1.0276889952365312e-05,-9.164872238898168e-08,-112.13347752680549,1076.3305625895453,volta,1.0276889952365312e-05,9.548079660248732e-09
1,-2.5,1.06575243989937e-05,-9.228518393911146e-08,-115.48467418156086,1069.4070853388107,volta,1.06575243989937e-05,9.965825498170487e-09
2,-2.5,1.09328984763124e-05,-9.303350623213193e-08,-117.51570932985425,1150.4961579248322,volta,1.09328984763124e-05,9.50276834998931e-09
3,-2.5,1.1360478310962208e-05,-9.236483577979016e-08,-122.9957073495705,1113.1804266664906,volta,1.1360478310962208e-05,1.020542406138247e-08
4,-2.5,1.1514067409734712e-05,-9.285404445336097e-08,-124.00178664827072,1061.4165474277306,volta,1.1514067409734712e-05,1.08478310778537e-08
5,-2.5,1.170512405224144e-05,-9.411608203890864e-08,-124.36901110484402,1138.6306501707406,volta,1.170512405224144e-05,1.0280000850571012e-08
6,-2.5,1.209603487950517e-05,-9.416711321819091e-08,-128.4528586055083,1104.892386098058,volta,1.209603487950517e-05,1.094770407661372e-08
7,-2.5,1.237295873579569e-05,-9.52976932921956e-08,-129.83481874905962,1086.4132446726164,volta,1.237295873579569e-05,1.138881433604411e-08
8,-2.5,1.241345398739213e-05,-9.419515123454403e-08,-131.78442653043658,1510.8681191120838,volta,1.241345398739213e-05,8.216106905933884e-09
9,-2.5,1.28420942928642e-05,-9.501016506874291e-08,-135.16547712102732,1506.3109138660823,volta,1.28420942928642e-05,8.525526951075333e-09
10,-2.5,1.300387339142617e-05,-9.538062073488618e-08,-136.3366404122164,1523.7975531705968,volta,1.300387339142617e-05,8.533858952830542e-09
11,-2.5,1.318188878940418e-05,-9.52109076024499e-08,-138.4493554503727,1596.3956224851086,volta,1.318188878940418e-05,8.25728196929276e-09
12,-2.5,1.328091548202792e-05,-9.5131014177241e-08,-139.60657937782426,1534.3353234329095,volta,1.328091548202792e-05,8.655810290747466e-09
13,-2.5,1.349075955658918e-05,-9.4551275253707e-08,-142.68194183938581,1689.5514488429224,volta,1.349075955658918e-05,7.984817251838193e-09
14,-2.5,1.366577089356724e-05,-9.532686817692593e-08,-143.35696907826318,1573.153443061426,volta,1.366577089356724e-05,8.686864561013861e-09
15,-2.5,1.380845242238138e-05,-9.619066787536211e-08,-143.55293218541237,1521.5229597077084,volta,1.380845242238138e-05,9.075415086101657e-09
16,-2.5,1.405614602845162e-05,-9.608416462469904e-08,-146.2899332408662,1755.050710207283,volta,1.405614602845162e-05,8.008968599426679e-09
17,-2.5,1.43342249430134e-05,-9.579758852851229e-08,-149.63033165231602,1566.099626429758,volta,1.43342249430134e-05,9.152818059021682e-09
18,-2.5,1.44306177389808e-05,-9.654625898747327e-08,-149.4684298524001,1535.3807337936676,volta,1.44306177389808e-05,9.398722689013539e-09
19,-2.5,1.456521749787498e-05,-9.741417272834953e-08,-149.5184642022444,1492.5185139813566,volta,1.456521749787498e-05,9.758818642069398e-09
20,-2.5,1.4999674931459588e-05,-1.0200273692362321e-07,-147.05169080601164,1501.8111860755944,volta,1.4999674931459588e-05,9.987723537108194e-09
21,-2.5,1.5135287867451552e-05,-1.030749103847484e-07,-146.83774946741124,1543.2168420617945,volta,1.5135287867451552e-05,9.807622269875081e-09
22,-2.5,1.528917528048623e-05,-1.0361313940165931e-07,-147.56019717940697,1619.3227571441203,volta,1.528917528048623e-05,9.441709636348604e-09
23,-2.5,1.532944406790193e-05,-1.03937388473696e-07,-147.48729300410923,1592.8421623070296,volta,1.532944406790193e-05,9.623956742643712e-09
24,-2.5,1.54979461512994e-05,-1.041868955553582e-07,-148.75139592833716,1508.230994981274,volta,1.54979461512994e-05,1.027557861021933e-08
25,-2.5,1.569154301250819e-05,-1.0593723942520233e-07,-148.12112433406674,1596.1192155709177,volta,1.569154301250819e-05,9.831059522014128e-09
26,-2.5,1.596123001945671e-05,-1.054421687740614e-07,-151.37425761469302,1571.683532948665,volta,1.596123001945671e-05,1.0155498664232708e-08
27,-2.5,1.601248914084863e-05,-1.0675108086388721e-07,-149.9983795130405,1660.325489536247,volta,1.601248914084863e-05,9.644186782509223e-09
28,-2.5,1.613119820831344e-05,-1.0791194426929001e-07,-149.48482596197755,1530.7049761335588,volta,1.613119820831344e-05,1.053841103271225e-08
29,-2.5,1.631164559512399e-05,-1.0822820684097681e-07,-150.71529013772923,1567.1255154945093,volta,1.631164559512399e-05,1.040864017198828e-08
30,-2.5,1.644330041017383e-05,-1.093660557671683e-07,-150.35104169048867,1634.5247886821562,volta,1.644330041017383e-05,1.005998839787026e-08
31,-2.5,1.653273102419917e-05,-1.095188864042029e-07,-150.95780798191817,1600.8758814225926,volta,1.653273102419917e-05,1.03273034568474e-08
32,-2.5,1.667330252530519e-05,-1.0951220730248681e-07,-152.25062973346326,1579.619095141227,volta,1.667330252530519e-05,1.055526777093974e-08
33,-2.5,1.677087493590079e-05,-1.0940384953528341e-07,-153.2932799635362,1650.5499883260695,volta,1.677087493590079e-05,1.016077977311625e-08
34,-2.5,1.679085471550934e-05,-1.090891359467605e-07,-153.91866999206863,1523.4939618541878,volta,1.679085471550934e-05,1.102128077690168e-08
35,-2.5,1.699385575193446e-05,-1.0741603517772091e-07,-158.20594870978022,1545.05316312919,volta,1.699385575193446e-05,1.099888091715684e-08
36,-2.5,1.70012117450824e-05,-1.0780024695122851e-07,-157.71032280449384,1829.0052279780243,volta,1.70012117450824e-05,9.295332503711505e-09
37,-2.5,1.726672599033918e-05,-1.066249595282898e-07,-161.93887497568485,1550.7717708336993,volta,1.726672599033918e-05,1.113427927634802e-08
38,-2.5,1.71279189089546e-05,-1.0875129419218873e-07,-157.49623060747766,1549.296084220398,volta,1.71279189089546e-05,1.105529090494883e-08
39,-2.5,1.747087117109913e-05,-1.0911726633366921e-07,-160.11096830152462,1549.6466559126122,volta,1.747087117109913e-05,1.12740998758909e-08
